# English,Chinese — starter vocabulary. Import your own CSV to extend it.
hello,你好
goodbye,再见
please,请
thank you,谢谢
thanks,谢谢
yes,是的
no,不
sorry,对不起
welcome,欢迎
good morning,早上好
good night,晚安
i,我
you,你
you,你们
he,他
she,她
we,我们
they,他们
this,这个
that,那个
these,这些
those,那些
who,谁
what,什么
where,哪里
when,什么时候
why,为什么
how,怎么
man,男人
woman,女人
boy,男孩
girl,女孩
child,孩子
friend,朋友
family,家庭
mother,妈妈
father,爸爸
brother,兄弟
sister,姐妹
husband,丈夫
wife,妻子
son,儿子
daughter,女儿
teacher,老师
student,学生
doctor,医生
name,名字
home,家
house,房子
school,学校
room,房间
door,门
window,窗户
table,桌子
chair,椅子
bed,床
book,书
pen,笔
phone,手机
computer,电脑
car,汽车
bicycle,自行车
train,火车
bus,公交车
airport,机场
city,城市
country,国家
street,街道
restaurant,餐厅
hotel,酒店
store,商店
water,水
tea,茶
coffee,咖啡
milk,牛奶
juice,果汁
bread,面包
rice,米饭
meat,肉
fish,鱼
chicken,鸡肉
egg,鸡蛋
apple,苹果
banana,香蕉
orange,橙子
fruit,水果
vegetable,蔬菜
breakfast,早餐
lunch,午餐
dinner,晚餐
food,食物
dog,狗
cat,猫
bird,鸟
horse,马
animal,动物
red,红色
blue,蓝色
green,绿色
yellow,黄色
black,黑色
white,白色
big,大
small,小
good,好
bad,坏
new,新
old,旧
young,年轻
happy,开心
sad,难过
beautiful,漂亮
easy,容易
difficult,困难
hot,热
cold,冷
fast,快
slow,慢
today,今天
tomorrow,明天
yesterday,昨天
morning,早上
afternoon,下午
evening,晚上
day,天
week,星期
month,月
year,年
time,时间
one,一
two,二
three,三
four,四
five,五
six,六
seven,七
eight,八
nine,九
ten,十
eat,吃
drink,喝
go,去
come,来
see,看见
look,看
read,读
write,写
speak,说
listen,听
learn,学习
study,学习
work,工作
play,玩
sleep,睡觉
live,住
like,喜欢
love,爱
want,想要
need,需要
have,有
be,是
do,做
make,制作
know,知道
think,想
understand,理解
buy,买
pay,支付
open,打开
close,关闭
start,开始
finish,完成
help,帮助
walk,走路
run,跑步
goodbye,再见
